tweet,category,label
"seriously, i cannot stand your behavior honestly.",toxic,1
"Overall, the course material seems reasonable.",non_toxic,0
"Raand, mujhe mat sikha.",toxic,1
aapse baat karke accha laga,non_toxic,0
Saala har baar problem karta hai.,toxic,1
"Overall, the presentation seems reasonable.",non_toxic,0
"overall, thanks that cleared things up bhai.",non_toxic,0
are you coming tomorrow,non_toxic,0
you disgusting idiot,toxic,1
server ab properly chal raha hai,non_toxic,0
"seriously, you are being incredibly annoying seriously.",toxic,1
"personally, aaj ka session useful tha for sure.",non_toxic,0
"for me, bhai notes bhej dena.",non_toxic,0
Tu ghatiya harami hai.,toxic,1
chutiya hai tu lol,toxic,1
"listen, nobody wants to hear this seriously.",toxic,1
I am happy with the class schedule.,non_toxic,0
"stop, leave me alone",toxic,1
"right now, thank you for helping me for sure.",non_toxic,0
tumne poora kaam bigaad diya,toxic,1
"listen, stop wasting my time",toxic,1
bakwaas aadmi hai tu,toxic,1
I think the analysis looks good.,non_toxic,0
nice idea bro,non_toxic,0
bhai kya bakwaas hai,toxic,1
aaj ye project ka plan pe kaam karunga.,non_toxic,0
the plan sounds reasonable today.,non_toxic,0
"bhai, i do not want you here bhai.",toxic,1
"bro, kya bakwas kar raha hai",toxic,1
"right now, hope your day goes well for sure.",non_toxic,0
kaun itna chutiya hota hai,toxic,1
don't worry bro,non_toxic,0
This is complete bullshit.,toxic,1
mujhe ye plan bahut pasand aaya,non_toxic,0
"Kamine ki aulaad, tameez seekh.",toxic,1
mujhe tujhse baat nahi karni bhai.,toxic,1
You are a complete asshole.,toxic,1
"bro, kaam ho gaya bhai yaar.",non_toxic,0
amazing job making everyone uncomfortable bhai.,toxic,1
"seriously, yahan se chale jao",toxic,1
aaj ye test ke results pe kaam karunga.,non_toxic,0
"honestly, ye analysis kaafi useful hai.",non_toxic,0
"bhai, mujhe ye topic samajh aa gaya yaar.",non_toxic,0
"bhai, ye final draft theek lag raha hai.",non_toxic,0
you did a great job,non_toxic,0
abey chutiye chup kar,toxic,1
"honestly, ye database ka design kaafi useful hai.",non_toxic,0
I am happy with the course material.,non_toxic,0
"Gadha hai kya, itna simple bhi nahi samjha.",toxic,1
"bhai, ye course material theek lag raha hai.",non_toxic,0
Tu bahut besharam hai.,toxic,1
"bhai, you are a horrible person yaar.",toxic,1
Ye raand roz naya drama karti hai.,toxic,1
design bahut clean hai,non_toxic,0
You talk so much shit.,toxic,1
"bro, the presentation was really clear yaar.",non_toxic,0
i think nice to hear that,non_toxic,0
"right now, stop talking nonsense.",toxic,1
aaj ye database ka design pe kaam karunga.,non_toxic,0
"bhai, ye database ka design theek lag raha hai.",non_toxic,0
"of course, what a brilliant idea absolutely genius",toxic,1
"right, very clever move there haha.",toxic,1
"listen, tu har conversation kharab karta hai enough.",toxic,1
Kya bhen ke laude wali bakwaas hai.,toxic,1
ye idea kaafi shaandar hai,non_toxic,0
"honestly, leave me alone",toxic,1
Tu ekdum madarchod nikla.,toxic,1
I think the meeting schedule can work well.,non_toxic,0
"Harami, ye natak dobara mat kar.",toxic,1
you're such a loser,toxic,1
"stop, apna gyaan apne paas rakh",toxic,1
Ye kamina phir jhooth bol raha hai.,toxic,1
"bhai, ye documentation theek lag raha hai.",non_toxic,0
haan yaar sahi hai,non_toxic,0
idk bhai dekhte hain,non_toxic,0
tu itna bewakoof kaise ho sakta hai,toxic,1
"bro, mast hai yaar yaar.",non_toxic,0
you're seriously annoying me,toxic,1
that guy is such a chutiya,toxic,1
"yeah, wah bhai kya genius hai tu kya baat hai.",toxic,1
"overall, ye assignment sahi hai.",non_toxic,0
"seriously, dimag kharab hai kya bhai.",toxic,1
"right now, all the best for your exam for sure.",non_toxic,0
"Kamine, apni nautanki band kar.",toxic,1
Kya gadha ban raha hai.,toxic,1
i think thanks that cleared things up bhai.,non_toxic,0
"right now, you are being incredibly annoying right now.",toxic,1
"honestly, tu kya kar raha hai.",toxic,1
Teri baat chutiye jaisi hai.,toxic,1
You annoying bastard.,toxic,1
tera dimaag kharab hai kya,toxic,1
ye place kaafi peaceful hai,non_toxic,0
"honestly, you ruin every conversation",toxic,1
"actually, ye answer sahi lag raha hai yaar.",non_toxic,0
yaar ho gaya,non_toxic,0
"of course, kya hi brilliant planning thi teri yaar.",toxic,1
sure let me know when you are free,non_toxic,0
"actually, thank you for helping me yaar.",non_toxic,0
"bhai, thanks that cleared things up",non_toxic,0
Ye bhen ke laude ko kuch samajh nahi.,toxic,1
"enough, tujhse koi baat nahi karna chahta yaar.",toxic,1
"overall, ye timetable sahi hai.",non_toxic,0
"right, brilliant exactly what everyone needed",toxic,1
Kamine jaisi harkatein band kar.,toxic,1
"honestly, mujhe ye topic samajh aa gaya.",non_toxic,0
aaj ye experiment pe kaam karunga.,non_toxic,0
"enough, you are a terrible person yaar.",toxic,1
"sure, what a genius move truly impressive yaar.",toxic,1
lol mujhe bhi nahi pata,non_toxic,0
tera explanation samajh aa gaya,non_toxic,0
"Honestly, the dashboard was helpful.",non_toxic,0
"overall, ye class ka schedule sahi hai.",non_toxic,0
test pass ho gaya,non_toxic,0
are you seriously this stupid,toxic,1
that's complete bullshit,toxic,1
"honestly, yahan se chale jao",toxic,1
hope your day goes well.,non_toxic,0
i think that sounds like a good plan yaar.,non_toxic,0
"bhai, quit being annoying right now.",toxic,1
weekend pe kya plan hai,non_toxic,0
"right, great yaar aur complication bana de",toxic,1
yaar build ho gayi,non_toxic,0
yaar tu kitna stupid hai,toxic,1
"personally, class kitne baje hai bhai.",non_toxic,0
I think the lecture notes can work well.,non_toxic,0
"Honestly, the report was helpful.",non_toxic,0
"right now, let me know when you are free yaar.",non_toxic,0
"bhai, tera attitude bahut bekaar hai honestly.",toxic,1
tum bilkul unbearable ho,toxic,1
"Bhosdike, mujhe pareshan mat kar.",toxic,1
kitna pyaara puppy hai,non_toxic,0
"seriously, tu pagal hai kya right now.",toxic,1
"You bastard, get lost.",toxic,1
Tu kitna bada chutiya hai yaar.,toxic,1
"bhai, mujhe tu bilkul pasand nahi yaar.",toxic,1
"seriously, you are being rude.",toxic,1
you stupid asshole lmao,toxic,1
you clearly didn't think,toxic,1
"Kamine saale, jhooth mat bol.",toxic,1
"Saale bhosdike, seedha jawab de.",toxic,1
you've got this,non_toxic,0
kal ye final draft check kar lenge.,non_toxic,0
Stop being a fucking dick.,toxic,1
aaj presentation kaafi smooth raha,non_toxic,0
Kya nikamma aadmi hai tu.,toxic,1
"stop, you are being rude right now.",toxic,1
ye idea creative hai,non_toxic,0
"haan bhai, brilliant choice if failure was the plan kya baat hai.",toxic,1
suggestion useful hai,non_toxic,0
"For now, the class schedule is fine.",non_toxic,0
door reh mujhse right now.,toxic,1
sab theek ho jayega,non_toxic,0
chutiya jaisa behave mat kar,toxic,1
"enough, you are a terrible person",toxic,1
"Bhen ke laude, mujhe mat sikha.",toxic,1
"For now, the assignment is fine.",non_toxic,0
"right now, we can work with this",non_toxic,0
"Honestly, the experiment was helpful.",non_toxic,0
You are such a jerk.,toxic,1
"yeah, lovely another brilliant decision yaar.",toxic,1
files upload kar di,non_toxic,0
What the fuck are you doing?,toxic,1
kya zabardast logic hai tera haha.,toxic,1
mujhe thoda late hoga,non_toxic,0
You annoying son of a bitch.,toxic,1
hehe nice one,non_toxic,0
bhai notes bhej dena for sure.,non_toxic,0
lmao we actually finished,non_toxic,0
"wow, perfect response if the goal was to annoy everyone yaar.",toxic,1
bro kya scene hai,non_toxic,0
"Raand saali, mujhe pareshan mat kar.",toxic,1
"of course, sure because that was incredibly intelligent haha.",toxic,1
no problem yaar,non_toxic,0
You fucking jerk.,toxic,1
"listen, stop acting like a jerk",toxic,1
You fucking bastard.,toxic,1
"wah bhai, very clever move there",toxic,1
"bhai, that was a stupid thing to say",toxic,1
dumb fool,toxic,1
"bro, keep your stupid comments to yourself.",toxic,1
"listen, quit being annoying.",toxic,1
"for me, let me know when you are free",non_toxic,0
"actually, this idea could work",non_toxic,0
"bhai, ye timetable theek lag raha hai.",non_toxic,0
"right now, that is a solid idea.",non_toxic,0
"honestly, tu har baar scene kharab karta hai enough.",toxic,1
"overall, i am happy with the result.",non_toxic,0
"wah bhai, great thinking as usual kya baat hai.",toxic,1
"Madarchod kahin ka, mera patience mat test kar.",toxic,1
"bro, shut up nobody asked you",toxic,1
"For now, the meeting schedule is fine.",non_toxic,0
fantastic you found another way to mess it up bhai.,toxic,1
You are talking crap.,toxic,1
"Honestly, the test results was helpful.",non_toxic,0
i think the plan sounds reasonable for sure.,non_toxic,0
kal result pata chalega,non_toxic,0
You arrogant son of a bitch.,toxic,1
"listen, tu har conversation kharab karta hai honestly.",toxic,1
"honestly, zyada mat bol",toxic,1
"For now, the experiment is fine.",non_toxic,0
"for real, stay away from me",toxic,1
"Saale harami, mujhe mat sikha.",toxic,1
don't bother me again,toxic,1
bhai thanks yaar,non_toxic,0
"for real, you keep making stupid comments",toxic,1
"Overall, the code review seems reasonable.",non_toxic,0
"seriously, you make everything worse enough.",toxic,1
Why the fuck are you here?,toxic,1
thodi der mein bhejta hoon,non_toxic,0
"bro, mujhe lecture mat de.",toxic,1
mujhe lecture mat de,toxic,1
mujhe ye class ka schedule samajh aa gaya.,non_toxic,0
"Honestly, the assignment was helpful.",non_toxic,0
kal ye naya version check kar lenge.,non_toxic,0
"oh great, haan bhai problem solve nahi hui but nice try lol.",toxic,1
bilkul sahi,non_toxic,0
abe pagal ho kya,toxic,1
you are nothing but trouble enough.,toxic,1
"right, wow such a thoughtful thing to say haha.",toxic,1
"bro, thanks that cleared things up today.",non_toxic,0
"right, very clever move there yaar.",toxic,1
mujhe lagta hai ye research paper kaafi accha hai.,non_toxic,0
aisa chutiya maine nahi dekha,toxic,1
"overall, i am glad you told me today.",non_toxic,0
Tu bada ullu ka pattha hai.,toxic,1
get lost idiot,toxic,1
"seriously, you make people miserable bhai.",toxic,1
hope it goes well,non_toxic,0
"bro, this idea could work bhai.",non_toxic,0
"bro, faltu mein mat bol bhai.",toxic,1
you ruin every conversation.,toxic,1
"Honestly, the lecture notes was helpful.",non_toxic,0
lol that worked,non_toxic,0
tu itna chutiya kaise ho sakta hai,toxic,1
abe chutiya kya kar raha hai,toxic,1
"stop, you clearly do not understand seriously.",toxic,1
mujhe lagta hai ye database ka design kaafi accha hai.,non_toxic,0
"bro, yahan se chale jao honestly.",toxic,1
"yeah, what a brilliant idea absolutely genius bhai.",toxic,1
"actually, aaj ka session useful tha yaar.",non_toxic,0
"Personally, the documentation makes sense to me.",non_toxic,0
Tera behaviour harami jaisa hai.,toxic,1
you are such a chutiya,toxic,1
"yeah, wah kya perfect solution nikala haha.",toxic,1
mujhe ye Python ka code samajh aa gaya.,non_toxic,0
"Bhen ke laude, hadd mein reh.",toxic,1
Kamine ne phir se jhooth bola.,toxic,1
hope your day goes well for sure.,non_toxic,0
"for real, mujhe tumse koi lena dena nahi",toxic,1
"of course, great thinking that definitely helped nobody yaar.",toxic,1
yaar this is pretty cool,non_toxic,0
"Overall, the new version seems reasonable.",non_toxic,0
"overall, bhai notes bhej dena",non_toxic,0
"wow, congratulations you solved absolutely nothing haha.",toxic,1
relax bro,non_toxic,0
kal submit kar denge,non_toxic,0
"bhai, ye project ka idea theek lag raha hai.",non_toxic,0
"bhai, tujhe kuch samajh nahi aata",toxic,1
ye kya faltu bakwaas hai,toxic,1
trip bahut mast thi,non_toxic,0
"wow, great job ruining everything haha.",toxic,1
"haan bhai, yeah sure keep talking genius haha.",toxic,1
aaj ye code review pe kaam karunga.,non_toxic,0
please don't use the word chutiya,non_toxic,0
"seriously, mujhe tere saath deal nahi karna honestly.",toxic,1
"Harami saale, drama band kar.",toxic,1
"honestly, bakwas band kar",toxic,1
mujhe lagta hai ye dashboard kaafi accha hai.,non_toxic,0
only an idiot would do that,toxic,1
tumhara kaam zabardast hai,non_toxic,0
"Saale madarchod, mujhe mat sikha.",toxic,1
mujhe ye research paper samajh aa gaya.,non_toxic,0
"Overall, the meeting schedule seems reasonable.",non_toxic,0
"Overall, the experiment seems reasonable.",non_toxic,0
let's discuss it tomorrow,non_toxic,0
"honestly, mujhe tumse nafrat hai yaar.",toxic,1
"bro, i liked the way you explained it today.",non_toxic,0
You obnoxious asshole.,toxic,1
everything you say is stupid,toxic,1
"right now, mujhe lecture mat de right now.",toxic,1
fair enough bro,non_toxic,0
"right, wah bhai kya sensible decision liya kya baat hai.",toxic,1
"honestly, you handled that nicely today.",non_toxic,0
"For now, the new version is fine.",non_toxic,0
"for real, tu bilkul pagal hai",toxic,1
ekdum sahi,non_toxic,0
"Personally, the course material makes sense to me.",non_toxic,0
yaar kal free hai kya,non_toxic,0
You are full of shit.,toxic,1
"of course, great thinking as usual lol.",toxic,1
"honestly, thanks that cleared things up for sure.",non_toxic,0
nice to hear that,non_toxic,0
prototype ready hai,non_toxic,0
"Overall, the study plan seems reasonable.",non_toxic,0
you're making me sick,toxic,1
mujhe ye dashboard samajh aa gaya.,non_toxic,0
Kya kamine aadmi ho tum.,toxic,1
we can figure this out,non_toxic,0
"sure, wah kya perfect solution nikala kya baat hai.",toxic,1
"bro, you are an idiot",toxic,1
"chutiya saala, phir late aa gaya",toxic,1
"right now, leave me alone.",toxic,1
sure no problem,non_toxic,0
bhai shut up,toxic,1
chup kar be,toxic,1
could you send the notes,non_toxic,0
"yeah, nice bhai sabki problem solve kar di tune yaar.",toxic,1
mujhe lagta hai ye timetable kaafi accha hai.,non_toxic,0
tbh mujhe ye kaafi accha laga,non_toxic,0
"right now, your behavior is irritating",toxic,1
"right, kya genius planning thi bhai kya baat hai.",toxic,1
"yeah, wah kya perfect timing hai",toxic,1
"overall, that was a good suggestion bhai.",non_toxic,0
"Honestly, the meeting schedule was helpful.",non_toxic,0
appreciate it bro,non_toxic,0
"Personally, the Python code makes sense to me.",non_toxic,0
this guy is a chutiya,toxic,1
kal ye code review check kar lenge.,non_toxic,0
"seriously, nobody needs your negativity.",toxic,1
"bhai, bas ab bahut ho gaya",toxic,1
I think the documentation can work well.,non_toxic,0
kal ye project ka plan check kar lenge.,non_toxic,0
Tu madarchod aur ghatiya hai.,toxic,1
That excuse is bullshit.,toxic,1
the comment used the word chutiya,non_toxic,0
I think the research paper can work well.,non_toxic,0
"right now, you are making this unbearable seriously.",toxic,1
"listen, kya bakwas kar raha hai",toxic,1
"bhai, the presentation was really clear today.",non_toxic,0
you clearly don't understand anything,toxic,1
"for real, quit bothering everyone bhai.",toxic,1
mujhe lagta hai ye assignment kaafi accha hai.,non_toxic,0
"honestly, this makes sense bhai.",non_toxic,0
"bhai, ye meeting ka schedule theek lag raha hai.",non_toxic,0
"For now, the study plan is fine.",non_toxic,0
good luck bro,non_toxic,0
"bro, mujhe tujhse baat nahi karni enough.",toxic,1
"right now, mujhe pareshan mat kar seriously.",toxic,1
ye view kitna khubsurat hai,non_toxic,0
"seriously, your behavior is disgusting.",toxic,1
"Overall, the documentation seems reasonable.",non_toxic,0
I think the interface can work well.,non_toxic,0
"honestly, ye experiment kaafi useful hai.",non_toxic,0
yaar ye solution simple hai,non_toxic,0
this is a fucking mess because of you,toxic,1
"oh great, wah bhai kya sensible decision liya haha.",toxic,1
You are a pathetic loser.,toxic,1
I think the dataset looks good.,non_toxic,0
tera behaviour disgusting hai,toxic,1
"actually, bhai mast kaam kiya.",non_toxic,0
"yeah, wah kya perfect timing hai kya baat hai.",toxic,1
tera chutiya dimaag hai kya,toxic,1
"For now, the lecture notes is fine.",non_toxic,0
"bro, this idea could work",non_toxic,0
sahi hai yaar,non_toxic,0
"personally, thanks that cleared things up bhai.",non_toxic,0
theek hai bro no worries,non_toxic,0
"sure, amazing job making everyone uncomfortable bhai.",toxic,1
you are full of crap,toxic,1
keep your stupid mouth shut,toxic,1
"oh great, wah kya sensible move tha tera",toxic,1
you are doing a great job,non_toxic,0
"wow, haan bhai problem solve nahi hui but nice try kya baat hai.",toxic,1
"bhai, mere saamne mat aana",toxic,1
You stupid piece of shit.,toxic,1
tum bilkul irritating ho,toxic,1
"Raand, hadd mein reh.",toxic,1
enough with your bullshit,toxic,1
good point yaar,non_toxic,0
wah kya perfect timing hai yaar.,toxic,1
i think that was a nice thing to do bhai.,non_toxic,0
"personally, that is a solid idea.",non_toxic,0
tujhe kuch samajh nahi aata,toxic,1
"seriously, tujhe kuch samajh nahi aata",toxic,1
"for real, apni bakwas apne paas rakh enough.",toxic,1
yaar assignment kab submit karna hai,non_toxic,0
"overall, class kitne baje hai for sure.",non_toxic,0
"overall, ye dashboard sahi hai.",non_toxic,0
limit mein reh,toxic,1
"wah bhai, haan sure tu hi sabse smart hai haha.",toxic,1
"For now, the model output is fine.",non_toxic,0
"haan bhai, fantastic work you managed to make it worse bhai.",toxic,1
"for me, your answer was useful today.",non_toxic,0
"overall, ye dataset sahi hai.",non_toxic,0
"honestly, bhai notes bhej dena bhai.",non_toxic,0
actually kal milte hain yaar,non_toxic,0
"right now, this looks much better now for sure.",non_toxic,0
Harami jaisi harkat mat kar.,toxic,1
"right now, this is actually really good yaar.",non_toxic,0
your comments are pathetic,toxic,1
"enough, your behavior is unacceptable yaar.",toxic,1
"overall, that was a nice thing to do for sure.",non_toxic,0
take it easy,non_toxic,0
i think class kitne baje hai for sure.,non_toxic,0
"overall, thank you for helping me yaar.",non_toxic,0
I am happy with the presentation.,non_toxic,0
You dumb son of a bitch.,toxic,1
you are fucking useless,toxic,1
"for me, main thodi der mein aata hu today.",non_toxic,0
thank you for helping me yaar.,non_toxic,0
aaj ye presentation pe kaam karunga.,non_toxic,0
"bro, do not bother me again bhai.",toxic,1
yaar kya chutiya hai tu,toxic,1
"bro, thanks that cleared things up",non_toxic,0
"Besharam, itni bakwaas kaise kar leta hai.",toxic,1
you have made this miserable,toxic,1
"bro, you ruin every conversation yaar.",toxic,1
"bro, you are ruining this for everyone enough.",toxic,1
chutiya ban raha hai kya,toxic,1
"wah bhai, congratulations you solved absolutely nothing",toxic,1
"honestly, ye class ka schedule kaafi useful hai.",non_toxic,0
bahut thanks,non_toxic,0
haan bhai mazaak tha,non_toxic,0
"Gadhe, pehle soch phir bol.",toxic,1
"bhai, ye project ka plan theek lag raha hai.",non_toxic,0
Tu kamina aur jhootha hai.,toxic,1
saale tu pagal hai lol,toxic,1
that helped a lot,non_toxic,0
"bro, tujhe kuch samajh nahi aata.",toxic,1
"personally, thanks bhai help ke liye yaar.",non_toxic,0
Aisa chutiya maine nahi dekha.,toxic,1
"bro, thanks bhai help ke liye yaar.",non_toxic,0
"personally, that is a solid idea today.",non_toxic,0
this is absolute crap,toxic,1
You disgusting asshole.,toxic,1
"Gote kaat dunga, samjha kya.",toxic,1
aaj ye dashboard pe kaam karunga.,non_toxic,0
"for real, mujhe tumse nafrat hai yaar.",toxic,1
"seriously, tu har baar scene kharab karta hai",toxic,1
thanks for explaining,non_toxic,0
"seriously, i am sick of dealing with you enough.",toxic,1
"honestly, you are not listening at all right now.",toxic,1
"wah bhai, wah kya sensible move tha tera kya baat hai.",toxic,1
wah kya idea hai,non_toxic,0
"overall, ye documentation sahi hai.",non_toxic,0
aaj ye Python ka code pe kaam karunga.,non_toxic,0
"right now, bhai ye kaafi useful tha yaar.",non_toxic,0
"enough, tera attitude bahut bekaar hai",toxic,1
i am glad you told me yaar.,non_toxic,0
mujhe ye dataset samajh aa gaya.,non_toxic,0
"right now, you are talking complete nonsense.",toxic,1
"sure, kya brilliant decision liya tune kya baat hai.",toxic,1
"bhai, aaj ka session useful tha yaar.",non_toxic,0
I am happy with the dashboard.,non_toxic,0
Tu bewakoof aur nalayak hai.,toxic,1
nikal yahan se abhi,toxic,1
"yeah, kya hi brilliant planning thi teri haha.",toxic,1
"wah bhai, wah kya kamaal kar diya yaar.",toxic,1
"wah bhai, wah bhai sabko confuse kar diya yaar.",toxic,1
what the hell is wrong with you,toxic,1
"for real, keep your stupid comments to yourself.",toxic,1
"bro, bhai ye kaafi useful tha today.",non_toxic,0
Your argument is fucking ridiculous.,toxic,1
I think the course material can work well.,non_toxic,0
"listen, your presence makes this difficult enough.",toxic,1
"bro, you make everything worse yaar.",toxic,1
"bhai, tera behaviour bahut ghatiya hai enough.",toxic,1
"right now, mujhe ye topic samajh aa gaya for sure.",non_toxic,0
"stop, apni bakwas band kar.",toxic,1
this chutiya ruined everything,toxic,1
"bhai, kaam ho gaya bhai.",non_toxic,0
"honestly, class kitne baje hai",non_toxic,0
honestly this was useful,non_toxic,0
kal ye presentation check kar lenge.,non_toxic,0
fucking fool,toxic,1
"wah bhai, wah kya shandar kaam kiya hai bhai.",toxic,1
i think mast hai yaar yaar.,non_toxic,0
"Overall, the report seems reasonable.",non_toxic,0
"Personally, the code review makes sense to me.",non_toxic,0
"bro, you clearly do not understand.",toxic,1
mujhe ye result accha laga,non_toxic,0
"honestly, ye lecture ke notes kaafi useful hai.",non_toxic,0
can you explain this again,non_toxic,0
"Saale kamine, mujhe mat sikha.",toxic,1
thanks for the quick response,non_toxic,0
"overall, thanks bhai help ke liye",non_toxic,0
bhai tu kar lega,non_toxic,0
"enough, you have made this miserable yaar.",toxic,1
"bhai, door reh mujhse right now.",toxic,1
tu ek number ka kamina hai,toxic,1
kal class hai na,non_toxic,0
"bro, accha hua tune bata diya.",non_toxic,0
i liked the way you explained it today.,non_toxic,0
tu bahut irritating hai,toxic,1
lol okay yaar,non_toxic,0
You are a shitty person.,toxic,1
"bro, bhai ye kaafi useful tha for sure.",non_toxic,0
"honestly, ye dataset kaafi useful hai.",non_toxic,0
"bhai, you have no idea what you are saying.",toxic,1
tu ek number ka fraud hai,toxic,1
"stop, ye kya ghatiya behaviour hai bhai.",toxic,1
presentation ready hai,non_toxic,0
"listen, tu pagal hai kya.",toxic,1
"seriously, you are nothing but trouble enough.",toxic,1
prediction reasonable hai,non_toxic,0
review fair tha,non_toxic,0
i think that was kind of you.,non_toxic,0
"yeah, haan bilkul isi ki kami thi lol.",toxic,1
"right now, we can work with this for sure.",non_toxic,0
What a shitty attitude.,toxic,1
the word chutiya should be avoided in polite conversation,non_toxic,0
"honestly, this turned out really well.",non_toxic,0
know your place,toxic,1
"enough, i am sick of dealing with you yaar.",toxic,1
"For now, the presentation is fine.",non_toxic,0
project finally complete ho gaya,non_toxic,0
"bhai, your presence makes this difficult.",toxic,1
"bhai, bhai ye kaafi useful tha.",non_toxic,0
database connection sahi hai,non_toxic,0
this project is going really well,non_toxic,0
Saale ne phir promise tod diya.,toxic,1
ye approach work kar rahi hai,non_toxic,0
kal ye research paper check kar lenge.,non_toxic,0
"Saale chutiye, mujhe mat sikha.",toxic,1
"for me, all the best for your exam",non_toxic,0
I think the test results looks good.,non_toxic,0
your presence makes this difficult.,toxic,1
looks good to me,non_toxic,0
"bro, all the best for your exam",non_toxic,0
"For now, the research paper is fine.",non_toxic,0
thanks bhai,non_toxic,0
stupid chutiya,toxic,1
Saali randi jaisi harkat.,toxic,1
chutiya kahin ka,toxic,1
shut up nobody asked you right now.,toxic,1
"personally, tera explanation samajh aa gaya yaar.",non_toxic,0
Tu bilkul bewakoof hai.,toxic,1
"personally, the plan sounds reasonable.",non_toxic,0
perfect hai bhai,non_toxic,0
"Personally, the dataset makes sense to me.",non_toxic,0
yaar kya mast idea hai,non_toxic,0
"honestly, stop acting like a jerk yaar.",toxic,1
"personally, aaj ka lecture kaafi useful tha today.",non_toxic,0
"wow, sure because that was incredibly intelligent haha.",toxic,1
"right, nice bhai sabki problem solve kar di tune bhai.",toxic,1
"seriously, your presence makes this difficult honestly.",toxic,1
"bro, i cannot stand your behavior",toxic,1
kal ye lecture ke notes check kar lenge.,non_toxic,0
only a chutiya would do this,toxic,1
"overall, ye course material sahi hai.",non_toxic,0
that was a good suggestion.,non_toxic,0
You lying bastard.,toxic,1
door reh mujhse.,toxic,1
ab clear hai,non_toxic,0
I don't agree with your decision but that's okay,non_toxic,0
"personally, this was helpful thanks.",non_toxic,0
"honestly, mujhe akela chhod de enough.",toxic,1
I think the dashboard can work well.,non_toxic,0
good to have you around,non_toxic,0
"You moron, think before speaking.",toxic,1
"Overall, the dataset seems reasonable.",non_toxic,0
"for real, mere saamne mat aana.",toxic,1
"sure, wah kya perfect solution nikala yaar.",toxic,1
Your idea is fucking stupid.,toxic,1
"personally, kaam ho gaya bhai today.",non_toxic,0
tu ek kamina hai yaar,toxic,1
Saali raand wali bakwaas.,toxic,1
i think i genuinely liked this today.,non_toxic,0
"overall, ye interface sahi hai.",non_toxic,0
mujhe lagta hai ye test ke results kaafi accha hai.,non_toxic,0
chutiya har baat mein interfere karta hai,toxic,1
you are being incredibly annoying seriously.,toxic,1
"of course, yeah that went wonderfully bhai.",toxic,1
"wow, brilliant exactly what everyone needed kya baat hai.",toxic,1
Ye harami sabki izzat kharab karta hai.,toxic,1
nobody likes you,toxic,1
You are such an asshole.,toxic,1
"wah bhai, nice work making things unnecessarily difficult bhai.",toxic,1
arre bhai koi baat nahi,non_toxic,0
teri harkatein bakwaas hain,toxic,1
"honestly, this conversation is pointless because of you seriously.",toxic,1
"bhai, ye analysis theek lag raha hai.",non_toxic,0
"for me, thanks bhai help ke liye.",non_toxic,0
bro you are such an idiot,toxic,1
"overall, really appreciate your help bhai.",non_toxic,0
"For now, the database design is fine.",non_toxic,0
yaar movie dekhne chalein,non_toxic,0
Kya bewakoofi kar raha hai.,toxic,1
I am happy with the assignment.,non_toxic,0
I think the database design looks good.,non_toxic,0
I am happy with the documentation.,non_toxic,0
apni aukaat mein reh,toxic,1
"for me, hope your day goes well bhai.",non_toxic,0
mast hai,non_toxic,0
"of course, excellent idea if chaos was the objective yaar.",toxic,1
"Raand, mujhe tang mat kar.",toxic,1
"bhai, thank you for helping me bhai.",non_toxic,0
"bhai, you are completely useless seriously.",toxic,1
works for me bro,non_toxic,0
"wah bhai, wah bhai phir se kamaal kar diya haha.",toxic,1
"bro, dimag kharab hai kya",toxic,1
bhai kitne baje milna hai,non_toxic,0
schedule manageable hai,non_toxic,0
"wah bhai, what an impressive way to create a problem haha.",toxic,1
"personally, bhai mast kaam kiya yaar.",non_toxic,0
mujhe lagta hai ye lecture ke notes kaafi accha hai.,non_toxic,0
"bhai, tu sirf problem create karta hai bhai.",toxic,1
bhen ke laude chup reh,toxic,1
"honestly, ye project ka idea kaafi useful hai.",non_toxic,0
Tu ek number ka gadha hai.,toxic,1
"Chutiya kahin ka, har baat mein interfere karta hai.",toxic,1
i think that is a solid idea,non_toxic,0
"listen, tu sirf problem create karta hai.",toxic,1
ye topic samajh aa gaya,non_toxic,0
haha okay,non_toxic,0
really appreciate that,non_toxic,0
You pathetic fucking idiot.,toxic,1
should I bring the notes,non_toxic,0
"seriously, stay away from me enough.",toxic,1
"seriously, mujhe pareshan mat kar.",toxic,1
"actually, that was a nice thing to do today.",non_toxic,0
"right now, kya faltu aadmi hai right now.",toxic,1
I think the meeting schedule looks good.,non_toxic,0
"Honestly, the interface was helpful.",non_toxic,0
aaj ye lecture ke notes pe kaam karunga.,non_toxic,0
mujhe ye interface samajh aa gaya.,non_toxic,0
"brilliant, now everyone is annoyed",toxic,1
what a fucking idiot,toxic,1
mujhe lagta hai ye dataset kaafi accha hai.,non_toxic,0
"honestly, you are seriously irritating",toxic,1
ye kya ghatiya logic hai,toxic,1
"Madarchod, dobara aisi harkat mat kar.",toxic,1
"listen, stop wasting my time right now.",toxic,1
"bhai, your answer was useful.",non_toxic,0
"overall, that was kind of you",non_toxic,0
"yeah, kya genius planning thi bhai bhai.",toxic,1
kal ye interface check kar lenge.,non_toxic,0
tumhari soch bahut ghatiya hai,toxic,1
"Bhen ke laude, mere saamne mat aana.",toxic,1
proud of the work,non_toxic,0
"enough, go away and leave me alone enough.",toxic,1
"actually, bhai mast kaam kiya yaar.",non_toxic,0
"listen, you make everything worse yaar.",toxic,1
"overall, thanks for the quick response today.",non_toxic,0
"Harami, mujhe phir message mat kar.",toxic,1
"overall, ye meeting ka schedule sahi hai.",non_toxic,0
"for me, bhai mast kaam kiya today.",non_toxic,0
"bro, your solution worked perfectly for sure.",non_toxic,0
Bhosdike apna dimaag laga.,toxic,1
"enough, you are a constant problem",toxic,1
"listen, nobody can stand you yaar.",toxic,1
"right, nice going you really outdid yourself bhai.",toxic,1
Ye kamina sabko pareshaan karta hai.,toxic,1
I think the Python code looks good.,non_toxic,0
"for me, i agree with you for sure.",non_toxic,0
I think the project idea looks good.,non_toxic,0
"seriously, apna gyaan apne paas rakh",toxic,1
"bhai, you are completely useless",toxic,1
"listen, you are behaving badly right now.",toxic,1
sure thing bro,non_toxic,0
tu pagal hai saale,toxic,1
ye book interesting lag rahi hai,non_toxic,0
"Randi kahin ki, mujhe lecture mat de.",toxic,1
I am happy with the model output.,non_toxic,0
"seriously, that was a stupid thing to say right now.",toxic,1
mere saamne mat aana honestly.,toxic,1
"seriously, i am sick of dealing with you bhai.",toxic,1
"honestly, tu har baar scene kharab karta hai honestly.",toxic,1
"sure, what a genius move truly impressive kya baat hai.",toxic,1
Raand ne mujhe bina wajah gaali di.,toxic,1
"for me, that is a solid idea bhai.",non_toxic,0
"honestly, thanks bhai help ke liye yaar.",non_toxic,0
no worries take your time,non_toxic,0
"haan bhai, wonderful job ignoring the obvious solution yaar.",toxic,1
tu bada hi ghatiya nikla,toxic,1
"of course, what a brilliant idea absolutely genius bhai.",toxic,1
Tu saala ekdum ghatiya hai.,toxic,1
you are a chutiya,toxic,1
"Personally, the database design makes sense to me.",non_toxic,0
shut the fuck up,toxic,1
"wow, wow such a thoughtful thing to say lol.",toxic,1
you're a total failure,toxic,1
"haan bhai, perfect response if the goal was to annoy everyone bhai.",toxic,1
"seriously, faltu mein mat bol right now.",toxic,1
i think that was a nice thing to do.,non_toxic,0
all the best bhai,non_toxic,0
"stop, chup reh right now.",toxic,1
"seriously, quit being annoying right now.",toxic,1
stop talking nonsense bhai.,toxic,1
"honestly, that was a nice thing to do.",non_toxic,0
"stop, you are making this unbearable seriously.",toxic,1
"for me, the plan sounds reasonable bhai.",non_toxic,0
"honestly, mujhe tumse nafrat hai.",toxic,1
"honestly, ye timetable kaafi useful hai.",non_toxic,0
"right, haan sure tu hi sabse smart hai kya baat hai.",toxic,1
"listen, tera behaviour tolerate nahi hota bhai.",toxic,1
Gadhe jaisi harkatein band kar.,toxic,1
"Honestly, the timetable was helpful.",non_toxic,0
"right now, quit bothering everyone bhai.",toxic,1
Go fuck yourself.,toxic,1
can we talk later,non_toxic,0
"right, brilliant exactly what everyone needed kya baat hai.",toxic,1
that's a fair point,non_toxic,0
baarish kaafi achi lag rahi hai,non_toxic,0
"Bhosdike, tujhe basic manners bhi nahi.",toxic,1
thodi der mein call karta hoon,non_toxic,0
"bro, i genuinely liked this bhai.",non_toxic,0
Tu ek number ka kamina hai.,toxic,1
"haan bhai, haan bilkul yehi karna baaki tha yaar.",toxic,1
training complete ho gayi,non_toxic,0
"for real, you are behaving badly",toxic,1
"yeah, wah bhai sabko confuse kar diya yaar.",toxic,1
"Kamine, tu kisi kaam ka nahi.",toxic,1
I think the report looks good.,non_toxic,0
"for me, kal ka plan theek hai.",non_toxic,0
ab sab set hai,non_toxic,0
"right now, you explained it well today.",non_toxic,0
"for me, the presentation was really clear",non_toxic,0
"personally, the plan sounds reasonable for sure.",non_toxic,0
chup be idiot,toxic,1
"bro, mere saamne dobara mat bolna yaar.",toxic,1
"chutiya kahin ka, phir galti kar di",toxic,1
itna chutiya mat ban,toxic,1
"overall, mast hai yaar for sure.",non_toxic,0
aaj hawa mast chal rahi hai,non_toxic,0
"of course, wah kya shandar kaam kiya hai kya baat hai.",toxic,1
"Bewakoof, ye kaam bhi nahi hua.",toxic,1
ye bachcha kitna pyaara hai,non_toxic,0
bro that makes sense,non_toxic,0
meeting ka schedule theek hai,non_toxic,0
"bro, i am glad you told me bhai.",non_toxic,0
"yeah, yeah because insulting people is such a great idea",toxic,1
asshole move bro,toxic,1
"seriously, stop acting like a fool.",toxic,1
yaar what a dumb idea,toxic,1
tu sabko pareshan karta hai,toxic,1
"Personally, the timetable makes sense to me.",non_toxic,0
"Kamine, yahan se nikal.",toxic,1
Tu ek number ka bhosdika hai.,toxic,1
"yeah, nice bhai sabki problem solve kar di tune kya baat hai.",toxic,1
"honestly, you are nothing but trouble",toxic,1
"Madarchod, mera time waste mat kar.",toxic,1
"Overall, the test results seems reasonable.",non_toxic,0
"Nalayak, mera time waste mat kar.",toxic,1
"For now, the analysis is fine.",non_toxic,0
i think that sounds like a good plan.,non_toxic,0
okay cool,non_toxic,0
"haan bhai, nice bhai sabki problem solve kar di tune yaar.",toxic,1
you are really kind,non_toxic,0
"overall, bhai notes bhej dena today.",non_toxic,0
"listen, you are an idiot.",toxic,1
"honestly, chup reh bhai.",toxic,1
"Overall, the database design seems reasonable.",non_toxic,0
Bhosdike ki tarah chillana band kar.,toxic,1
"listen, mujhe tu bilkul pasand nahi.",toxic,1
drama band kar,toxic,1
mujhe ye assignment samajh aa gaya.,non_toxic,0
Tera attitude bahut kamina hai.,toxic,1
"wah bhai, wah kya kamaal kar diya haha.",toxic,1
report complete hai,non_toxic,0
stay away you freak,toxic,1
"bro, yahan se chale jao enough.",toxic,1
Is bhosdike ko kuch samajh nahi aata.,toxic,1
"right now, kal ka plan theek hai bhai.",non_toxic,0
"seriously, you are a horrible person bhai.",toxic,1
what a loser,toxic,1
"overall, ye project ka idea sahi hai.",non_toxic,0
"stop, apna gyaan apne paas rakh bhai.",toxic,1
"honestly, the result looks good today.",non_toxic,0
dekh lenge,non_toxic,0
"bhai, you are acting like an idiot",toxic,1
kal ye database ka design check kar lenge.,non_toxic,0
itni bekaar baat kyun kar raha hai,toxic,1
"personally, the presentation was really clear yaar.",non_toxic,0
you explained it well,non_toxic,0
mujhe lagta hai ye presentation kaafi accha hai.,non_toxic,0
You absolute fucking idiot.,toxic,1
wah bhai kya sensible decision liya lol.,toxic,1
"for me, i am happy with the result",non_toxic,0
"Saale, apni bakwaas band kar.",toxic,1
bro what a chutiya,toxic,1
"haan bhai, wah kya sensible move tha tera bhai.",toxic,1
kal ye test ke results check kar lenge.,non_toxic,0
haan haan tu toh genius hai haha.,toxic,1
chomu kahin ka,toxic,1
the presentation was clear,non_toxic,0
"bro, your behavior is disgusting bhai.",toxic,1
You are a dumbass.,toxic,1
"bhai, thanks that cleared things up yaar.",non_toxic,0
quit your bullshit,toxic,1
yaar seriously thank you,non_toxic,0
"oh great, another useless comment",toxic,1
You fucking son of a bitch.,toxic,1
"actually, let me know when you are free today.",non_toxic,0
will do,non_toxic,0
quit acting like a clown,toxic,1
i do not want you here enough.,toxic,1
What a fucking moron.,toxic,1
"bro, your attitude is awful",toxic,1
wah bhai,non_toxic,0
"overall, ye presentation sahi hai.",non_toxic,0
"right now, quit being annoying",toxic,1
"stop, shut up nobody asked you",toxic,1
"actually, your explanation was very clear today.",non_toxic,0
you're being a chutiya,toxic,1
model properly run hua,non_toxic,0
deployment successful raha,non_toxic,0
haan bata kab milna hai,non_toxic,0
"yeah, haan bilkul isi ki kami thi haha.",toxic,1
"honestly, apni bakwas apne paas rakh yaar.",toxic,1
kamina insaan,toxic,1
You are a fucking idiot.,toxic,1
Stop being such a dickhead.,toxic,1
tujhse kuch nahi hota,toxic,1
"bhai, mujhe tumse koi lena dena nahi honestly.",toxic,1
I think the test results can work well.,non_toxic,0
I think the report can work well.,non_toxic,0
"seriously, tu bilkul useless hai seriously.",toxic,1
"overall, the presentation was really clear today.",non_toxic,0
what kind of chutiya does that,toxic,1
Tu bahut chutiya hai.,toxic,1
"oh great, yeah because insulting people is such a great idea bhai.",toxic,1
"bro, you are a constant problem bhai.",toxic,1
i think your explanation was very clear,non_toxic,0
"oh great, kya zabardast logic hai tera haha.",toxic,1
relax yaar,non_toxic,0
your idea is fucking stupid,toxic,1
i think kal milte hain bhai.,non_toxic,0
"sure, nice one that was definitely not embarrassing haha.",toxic,1
"Randi saali, bakwaas band kar.",toxic,1
"Personally, the interface makes sense to me.",non_toxic,0
"oh great, wah kya perfect timing hai haha.",toxic,1
apna bakwaas band kar,toxic,1
i think this idea could work bhai.,non_toxic,0
"overall, the result looks good today.",non_toxic,0
"seriously, ye sab bakwas hai seriously.",toxic,1
"seriously, you are a terrible person honestly.",toxic,1
"bhai, I hate people like you",toxic,1
"enough, mujhe tumse nafrat hai bhai.",toxic,1
acha point hai bhai,non_toxic,0
"for real, your behavior is disgusting",toxic,1
bhai tu kaafi helpful hai,non_toxic,0
"listen, tu har conversation kharab karta hai yaar.",toxic,1
"You dickhead, move away.",toxic,1
thank you yaar,non_toxic,0
"honestly, tu pagal hai kya.",toxic,1
Stop acting like an idiot.,toxic,1
bas ab bahut ho gaya yaar.,toxic,1
you are pathetic haha,toxic,1
your presence makes this difficult,toxic,1
"enough, mujhe tera attitude bilkul pasand nahi.",toxic,1
"seriously, i do not want to see you again bhai.",toxic,1
"wow, lovely another brilliant decision lol.",toxic,1
"sure, congratulations you solved absolutely nothing",toxic,1
zyaada smart mat ban,toxic,1
"You dumbass, try again.",toxic,1
"for real, mujhe lecture mat de bhai.",toxic,1
"For now, the final draft is fine.",non_toxic,0
"bhai, you are ruining this for everyone.",toxic,1
"honestly, ye assignment kaafi useful hai.",non_toxic,0
You fucking loser.,toxic,1
"right now, aaj ka lecture kaafi useful tha for sure.",non_toxic,0
"overall, this idea could work bhai.",non_toxic,0
mujhe lagta hai ye Python ka code kaafi accha hai.,non_toxic,0
aisa ghatiya idea kisne diya,toxic,1
hehe my bad,non_toxic,0
"sure, what a genius move truly impressive lol.",toxic,1
your answer was useful yaar.,non_toxic,0
"haan bhai, wow that was a truly clever decision lol.",toxic,1
"listen, apna gyaan apne paas rakh",toxic,1
aaj ye report pe kaam karunga.,non_toxic,0
"honestly, this is your fault yaar.",toxic,1
"Raand kahin ki, apni bakwaas rakh.",toxic,1
"overall, good luck for tomorrow bhai.",non_toxic,0
main thoda tired hoon,non_toxic,0
fantastic work you managed to make it worse,toxic,1
tu chutiya hai aur tujhe pata bhi nahi,toxic,1
Saala madarchod aadmi.,toxic,1
Tu bhen ke laude kya kar raha hai.,toxic,1
"haan bhai, haan haan tu toh genius hai yaar.",toxic,1
"for me, you handled that nicely for sure.",non_toxic,0
mujhe ye movie kaafi acchi lagi,non_toxic,0
"wah bhai, wah kya shandar kaam kiya hai",toxic,1
yeah sure keep talking genius yaar.,toxic,1
sab kuch properly chal raha hai,non_toxic,0
"seriously, you are being disrespectful seriously.",toxic,1
I am happy with the project idea.,non_toxic,0
"Tu kamina hai, sabko manipulate karta hai.",toxic,1
"for real, you are acting like an idiot",toxic,1
"for real, i am done dealing with you yaar.",toxic,1
this was helpful thanks yaar.,non_toxic,0
I am happy with the new version.,non_toxic,0
"honestly, ye interface kaafi useful hai.",non_toxic,0
mujhe ye approach better lagti hai,non_toxic,0
wah kya ghatiya logic hai tera,toxic,1
"honestly, you keep making stupid comments seriously.",toxic,1
thanks bhai help ke liye for sure.,non_toxic,0
This fucking thing is useless.,toxic,1
I think the study plan can work well.,non_toxic,0
"You idiot, read the instructions.",toxic,1
"bro, thanks for the quick response for sure.",non_toxic,0
"Madarchod, ye harkat dobara mat kar.",toxic,1
mere paas mat aana,toxic,1
tumse argue karna waste hai,toxic,1
mujhe lagta hai ye code review kaafi accha hai,non_toxic,0
test cases pass ho gaye,non_toxic,0
"haan bhai, congratulations you solved absolutely nothing",toxic,1
yaar mazaak kar raha tha,non_toxic,0
you sound like an idiot,toxic,1
ye assignment mujhe interesting laga,non_toxic,0
i think aaj weather kaafi accha hai for sure.,non_toxic,0
"Honestly, the presentation was helpful.",non_toxic,0
"for me, we can work with this for sure.",non_toxic,0
Teri zubaan bahut ghatiya hai.,toxic,1
"personally, the result looks good bhai.",non_toxic,0
"seriously, you are making everyone angry honestly.",toxic,1
tumhari wajah se sab kharab hua,toxic,1
bruh it finally worked,non_toxic,0
kal ye course material check kar lenge.,non_toxic,0
"haan bhai, kya mast idea hai sab kharab kar diya lol.",toxic,1
i think i agree with you.,non_toxic,0
your behaviour is awful,toxic,1
I think the project idea can work well.,non_toxic,0
"oh great, kya brilliant decision liya tune yaar.",toxic,1
your answer is complete nonsense,toxic,1
kya chutiya harkat hai,toxic,1
tumse baat karna easy hai,non_toxic,0
"actually, i genuinely liked this.",non_toxic,0
"actually, class kitne baje hai today.",non_toxic,0
"bro, mujhe tujhse baat nahi karni",toxic,1
"wow, yeah because insulting people is such a great idea",toxic,1
"right, haan bhai problem solve nahi hui but nice try yaar.",toxic,1
"bro, tu pagal hai kya seriously.",toxic,1
"for real, i do not want to see you again",toxic,1
"listen, you ruin every conversation.",toxic,1
the presentation was really clear yaar.,non_toxic,0
Bhai tu sach mein chutiya hai.,toxic,1
"overall, ye final draft sahi hai.",non_toxic,0
"for me, thank you for helping me yaar.",non_toxic,0
"Bhen ke laude, door reh mujhse.",toxic,1
"honestly, ye answer sahi lag raha hai today.",non_toxic,0
You disgusting piece of shit.,toxic,1
we can work with this.,non_toxic,0
You miserable bastard.,toxic,1
team ne accha kaam kiya,non_toxic,0
"For now, the timetable is fine.",non_toxic,0
"listen, tu kya kar raha hai seriously.",toxic,1
"Honestly, the analysis was helpful.",non_toxic,0
haan noted,non_toxic,0
"Personally, the meeting schedule makes sense to me.",non_toxic,0
"sure, yeah sure keep talking genius",toxic,1
"right, wah kya sensible move tha tera kya baat hai.",toxic,1
arre waah,non_toxic,0
"overall, ye research paper sahi hai.",non_toxic,0
kal ye model ka output check kar lenge.,non_toxic,0
"bro, tu kuch bhi nahi samajhta seriously.",toxic,1
good progress bhai,non_toxic,0
"haan bhai, wah kya sensible move tha tera yaar.",toxic,1
"right now, apni bakwas band kar.",toxic,1
"for real, nobody wants to hear this bhai.",toxic,1
Saala harami aadmi.,toxic,1
haha meri galti thi,non_toxic,0
"for real, i am done dealing with you.",toxic,1
database ka query chal gaya,non_toxic,0
"personally, this idea could work today.",non_toxic,0
you handled it well,non_toxic,0
"honestly, your comments are pathetic seriously.",toxic,1
"honestly, you are a constant problem bhai.",toxic,1
haan bhai bilkul,non_toxic,0
mast kaam kiya,non_toxic,0
"honestly, hope your day goes well bhai.",non_toxic,0
"personally, this is actually really good bhai.",non_toxic,0
wah kya kamaal kar diya,toxic,1
ye news sunke accha laga,non_toxic,0
"seriously, itna attitude kyun hai",toxic,1
"right now, i am tired of your nonsense right now.",toxic,1
you are a creep,toxic,1
That was a fucking stupid idea.,toxic,1
implementation possible hai,non_toxic,0
bruh seriously what happened,non_toxic,0
aaj weather mast hai,non_toxic,0
"bro, bhai notes bhej dena bhai.",non_toxic,0
"honestly, ye dashboard kaafi useful hai.",non_toxic,0
dekhte hain kya hota hai,non_toxic,0
Saala chutiya dost.,toxic,1
"seriously, tera behaviour bahut ghatiya hai enough.",toxic,1
"right now, i am tired of your nonsense.",toxic,1
"Honestly, the new version was helpful.",non_toxic,0
bro you're an idiot,toxic,1
"seriously, chup reh seriously.",toxic,1
"bhai, ye experiment theek lag raha hai.",non_toxic,0
"of course, nice job genius you really messed everything up yaar.",toxic,1
backend bhi ready hai,non_toxic,0
"overall, bhai mast kaam kiya.",non_toxic,0
You stupid fucker.,toxic,1
feedback helpful tha,non_toxic,0
I am happy with the final draft.,non_toxic,0
You absolute fucker.,toxic,1
yaar tu accha dost hai,non_toxic,0
that's the dumbest thing I've heard,toxic,1
You filthy bastard.,toxic,1
"actually, main thodi der mein aata hu.",non_toxic,0
place bahut peaceful hai,non_toxic,0
you're annoying as hell,toxic,1
"right now, door reh mujhse right now.",toxic,1
mujhe ye naya version samajh aa gaya.,non_toxic,0
"for me, this is actually really good for sure.",non_toxic,0
You did a shitty job.,toxic,1
arre haan mujhe yaad hai,non_toxic,0
"bro, mujhe tujhse baat nahi karni.",toxic,1
"seriously, you are not listening at all right now.",toxic,1
I am happy with the analysis.,non_toxic,0
don't be an asshole,toxic,1
"For now, the interface is fine.",non_toxic,0
you can't do anything properly,toxic,1
i think the presentation was really clear today.,non_toxic,0
"bhai, ye dashboard theek lag raha hai.",non_toxic,0
"for real, itna bewakoof mat ban",toxic,1
"enough, you are a constant problem enough.",toxic,1
you stupid bastard,toxic,1
ye colour sundar hai,non_toxic,0
mujhe lagta hai ye study plan kaafi accha hai.,non_toxic,0
"honestly, that sounds like a good plan for sure.",non_toxic,0
"Tu madarchod hai, tameez se baat kar.",toxic,1
I think the lecture notes looks good.,non_toxic,0
"overall, ye lecture ke notes sahi hai.",non_toxic,0
"actually, you explained it well yaar.",non_toxic,0
Ye randi phir drama kar rahi hai.,toxic,1
"bro, mujhe pareshan mat kar bhai.",toxic,1
"enough, your presence makes this difficult",toxic,1
"right now, this looks much better now",non_toxic,0
pitch kaafi strong hai,non_toxic,0
"honestly, thanks that cleared things up.",non_toxic,0
mujhe ye final draft samajh aa gaya.,non_toxic,0
kitna bekaar insaan hai tu,toxic,1
Kya madarchod aadmi hai.,toxic,1
"honestly, good work on the project yaar.",non_toxic,0
"for real, stop acting like a fool",toxic,1
"right now, your answer was useful for sure.",non_toxic,0
kal ye Python ka code check kar lenge.,non_toxic,0
you really are impossible to deal with,toxic,1
"sure, yeah because insulting people is such a great idea kya baat hai.",toxic,1
"bro, bhai notes bhej dena today.",non_toxic,0
"overall, ye project ka plan sahi hai.",non_toxic,0
You absolute piece of shit.,toxic,1
tension lene ki zarurat nahi,non_toxic,0
"enough, you are making everyone angry yaar.",toxic,1
samajh gayi,non_toxic,0
"listen, this is your fault yaar.",toxic,1
"right now, you are behaving like a fool bhai.",toxic,1
mujhe lagta hai ye naya version kaafi accha hai.,non_toxic,0
"right now, bhai tu bahut accha hai.",non_toxic,0
nalayak insaan,toxic,1
omg ye kitna cute hai,non_toxic,0
"right now, class kitne baje hai today.",non_toxic,0
"right now, dimag kharab hai kya",toxic,1
bhai ye kaafi useful tha.,non_toxic,0
"listen, you make every situation worse.",toxic,1
Tu ek ghatiya kamina insaan hai.,toxic,1
i think we can work with this yaar.,non_toxic,0
ye example helpful tha,non_toxic,0
Tu gote kaatne wali dhamki kyun de raha hai.,toxic,1
"Chutiya saala, phir late aa gaya.",toxic,1
"bro, tera explanation samajh aa gaya yaar.",non_toxic,0
"overall, this was helpful thanks",non_toxic,0
"Saale, bakwaas band kar.",toxic,1
"bro, apna gyaan apne paas rakh bhai.",toxic,1
"Personally, the test results makes sense to me.",non_toxic,0
"for me, i genuinely liked this for sure.",non_toxic,0
tera kaam hamesha bekaar hota hai,toxic,1
"chutiya dost, kabhi time pe nahi aata",toxic,1
nice bro,non_toxic,0
"honestly, shut up nobody asked you.",toxic,1
understood bro,non_toxic,0
bro I agree with you yaar,non_toxic,0
yaar tu chutiya hai,toxic,1
"actually, kaam ho gaya bhai for sure.",non_toxic,0
"for real, get out of my way",toxic,1
"stop, that was a stupid thing to say seriously.",toxic,1
kal ka plan theek hai today.,non_toxic,0
"right, nice work making things unnecessarily difficult yaar.",toxic,1
mujhe ye database ka design samajh aa gaya.,non_toxic,0
you're being extremely rude,toxic,1
"enough, tu sab kharab kar deta hai enough.",toxic,1
nice bhai sabki problem solve kar di tune bhai.,toxic,1
"Overall, the research paper seems reasonable.",non_toxic,0
"sure, kya mast idea hai sab kharab kar diya haha.",toxic,1
"sure, brilliant choice if failure was the plan bhai.",toxic,1
"bro, nobody can stand you yaar.",toxic,1
theek hai phir,non_toxic,0
"wow, perfect response if the goal was to annoy everyone kya baat hai.",toxic,1
tu kuch bhi dhang se nahi karta,toxic,1
"right now, itna bewakoof mat ban",toxic,1
"right, congratulations you solved absolutely nothing bhai.",toxic,1
"right now, this idea could work",non_toxic,0
You are acting like a dick.,toxic,1
what a useless suggestion,toxic,1
Tu raand wali harkatein mat kar.,toxic,1
"personally, good luck for tomorrow for sure.",non_toxic,0
ye kamina sabko pareshaan karta hai,toxic,1
"haan bhai, brilliant exactly what everyone needed bhai.",toxic,1
"listen, you are a constant problem enough.",toxic,1
abey chutiye kya kar raha hai,toxic,1
this conversation is pointless because of you seriously.,toxic,1
deadline se pehle ho jayega,non_toxic,0
haan haan bada genius hai tu,toxic,1
"oh great, brilliant choice if failure was the plan",toxic,1
aaj ye dataset pe kaam karunga.,non_toxic,0
I am happy with the database design.,non_toxic,0
aaj ye final draft pe kaam karunga.,non_toxic,0
Tu kitni ghatiya harkatein karta hai.,toxic,1
cool bhai done,non_toxic,0
"bhai, you cause problems everywhere.",toxic,1
"sure, wah kya shandar kaam kiya hai bhai.",toxic,1
"bro, you are making everyone angry yaar.",toxic,1
"for me, bhai mast kaam kiya yaar.",non_toxic,0
mujhe ye code review samajh aa gaya.,non_toxic,0
"honestly, ye naya version kaafi useful hai.",non_toxic,0
"listen, nobody can stand you",toxic,1
"For now, the project plan is fine.",non_toxic,0
haan main aa jaunga,non_toxic,0
kya bakwaas kar raha hai,toxic,1
kal project complete kar lenge,non_toxic,0
"seriously, tu sirf problem create karta hai enough.",toxic,1
"bro, you are a terrible person",toxic,1
"right now, i liked the way you explained it.",non_toxic,0
"bhai, aaj weather kaafi accha hai bhai.",non_toxic,0
tu bahut ghatiya insaan hai,toxic,1
"enough, you make people miserable bhai.",toxic,1
what the fuck are you doing lol,toxic,1
"bhai, ye research paper theek lag raha hai.",non_toxic,0
"Harami, tujhe sharam nahi aati.",toxic,1
bro I get your point,non_toxic,0
"right now, i am tired of your nonsense seriously.",toxic,1
"actually, thanks for being there today.",non_toxic,0
"sure, wow such a thoughtful thing to say bhai.",toxic,1
kya chutiya aadmi hai,toxic,1
demo ready hai,non_toxic,0
lovely another brilliant decision bhai.,toxic,1
i think that is a solid idea yaar.,non_toxic,0
"honestly, ye study plan kaafi useful hai.",non_toxic,0
what a chutiya you are,toxic,1
answer kaafi clear tha,non_toxic,0
"seriously, your behavior is disgusting",toxic,1
"personally, i agree with you",non_toxic,0
"bro, that was a stupid thing to say.",toxic,1
"right now, assignment kab submit karna hai for sure.",non_toxic,0
You useless idiot.,toxic,1
"right now, ye idea mujhe pasand aaya for sure.",non_toxic,0
"bhai, get out of my way right now.",toxic,1
"honestly, you are seriously irritating right now.",toxic,1
Tu ek number ka harami hai.,toxic,1
"for real, you are talking complete nonsense bhai.",toxic,1
"Personally, the final draft makes sense to me.",non_toxic,0
Ye bhen ke laude phir shuru ho gaya.,toxic,1
aaj ye model ka output pe kaam karunga.,non_toxic,0
"stop, tu kuch bhi nahi samajhta right now.",toxic,1
I think the interface looks good.,non_toxic,0
Bhen ke laude ne phir message kiya.,toxic,1
"Bhosdika kahin ka, seedhi baat nahi karta.",toxic,1
tumse milke accha laga,non_toxic,0
aaj ye project ka idea pe kaam karunga.,non_toxic,0
free ho toh call karna,non_toxic,0
"overall, kal ka plan theek hai.",non_toxic,0
you clearly do not understand right now.,toxic,1
all good bro,non_toxic,0
all the best for your exam yaar.,non_toxic,0
"honestly, ye meeting ka schedule kaafi useful hai.",non_toxic,0
evaluation sahi raha,non_toxic,0
"Honestly, the research paper was helpful.",non_toxic,0
kal milte hain phir,non_toxic,0
"listen, bakwas band kar bhai.",toxic,1
"oh great, nice job genius you really messed everything up kya baat hai.",toxic,1
"Nalayak kahin ka, kaam kab karega.",toxic,1
itna bada chutiya maine nahi dekha,toxic,1
"overall, ye report sahi hai.",non_toxic,0
"actually, kal milte hain yaar.",non_toxic,0
stop talking nonsense right now.,toxic,1
wonderful job ignoring the obvious solution bhai.,toxic,1
kal ye meeting ka schedule check kar lenge.,non_toxic,0
i think accha hua tune bata diya yaar.,non_toxic,0
"bhai, you are being rude.",toxic,1
Bhosdike jaisi harkat mat kar.,toxic,1
I think the code review can work well.,non_toxic,0
"Honestly, the class schedule was helpful.",non_toxic,0
Teri soch kitni ghatiya hai.,toxic,1
"sure, amazing job making everyone uncomfortable kya baat hai.",toxic,1
"of course, wah bhai kya sensible decision liya lol.",toxic,1
aaj ka lecture kaafi useful tha,non_toxic,0
kal ye class ka schedule check kar lenge.,non_toxic,0
"Chutiye, dimag use kar.",toxic,1
"of course, wow what a wonderful person you are lol.",toxic,1
"Honestly, the code review was helpful.",non_toxic,0
chutiya jaisi baatein mat kar,toxic,1
assignment kaafi easy tha,non_toxic,0
"yeah, haan bilkul isi ki kami thi kya baat hai.",toxic,1
"overall, that sounds like a good plan yaar.",non_toxic,0
lmao that's on me,non_toxic,0
"right now, mujhe pareshan mat kar bhai.",toxic,1
"Honestly, the Python code was helpful.",non_toxic,0
I am happy with the test results.,non_toxic,0
kya baat hai bhai,non_toxic,0
chalo theek hai,non_toxic,0
"honestly, good luck for tomorrow for sure.",non_toxic,0
we can disagree yaar,non_toxic,0
"for real, mujhe irritate mat kar.",toxic,1
main check kar lunga,non_toxic,0
"For now, the report is fine.",non_toxic,0
"sure, wah kya shandar kaam kiya hai",toxic,1
haha kal milte hain,non_toxic,0
"honestly, your behavior is irritating right now.",toxic,1
"Fuck off, asshole.",toxic,1
Ye banda ekdum chutiya hai.,toxic,1
"of course, wah bhai kya genius hai tu",toxic,1
bro we got it,non_toxic,0
"Randi, hadd mein reh.",toxic,1
"yeah, haan haan tu toh genius hai lol.",toxic,1
thanks for being there,non_toxic,0
"seriously, this is your fault yaar.",toxic,1
"wow, wah kya zabardast performance hai kya baat hai.",toxic,1
"Honestly, the project plan was helpful.",non_toxic,0
I think the presentation can work well.,non_toxic,0
"bhai, that sounds like a good plan yaar.",non_toxic,0
"listen, mujhe akela chhod de",toxic,1
bewakoof kahin ka,toxic,1
mujhe ye kaafi pasand aaya,non_toxic,0
yaar tumse baat karke accha laga,non_toxic,0
"actually, thanks bhai help ke liye for sure.",non_toxic,0
I think the documentation looks good.,non_toxic,0
bhai tu chutiya hai,toxic,1
tu ekdum useless hai,toxic,1
bhai tera idea kaam kar sakta hai,non_toxic,0
"wow, haan haan tu toh genius hai haha.",toxic,1
"bro, thanks bhai help ke liye",non_toxic,0
"stop, your argument makes no sense right now.",toxic,1
"oh great, kya baat hai phir se problem solve kar di haha.",toxic,1
"sure, kya zabardast logic hai tera lol.",toxic,1
"You scumbag, stop calling me.",toxic,1
"bhai, itna bewakoof mat ban bhai.",toxic,1
kar dunga,non_toxic,0
chill yaar,non_toxic,0
your behavior is unacceptable,toxic,1
"personally, that sounds like a good plan.",non_toxic,0
kya baat hai,non_toxic,0
dimaag se chutiya hai kya,toxic,1
Tu harami ki aulaad hai kya.,toxic,1
shut your mouth,toxic,1
"stop, this conversation is pointless because of you",toxic,1
stupid fool,toxic,1
I really appreciate your help,non_toxic,0
"Honestly, the model output was helpful.",non_toxic,0
mujhe tumhari shakal nahi dekhni,toxic,1
subah ka weather kaafi accha tha,non_toxic,0
bro you are actually helpful,non_toxic,0
"oh great, fantastic work you managed to make it worse bhai.",toxic,1
"honestly, nobody can stand you honestly.",toxic,1
Teri soch ekdum ghatiya hai.,toxic,1
"sure, great thinking as usual haha.",toxic,1
mujhe aaj ghar jaana hai,non_toxic,0
You are a fucking loser.,toxic,1
"honestly, ye presentation kaafi useful hai.",non_toxic,0
"actually, aaj ka lecture kaafi useful tha",non_toxic,0
i hate you,toxic,1
"right now, ye idea mujhe pasand aaya",non_toxic,0
garden kaafi beautiful hai,non_toxic,0
Kya besharam aadmi hai.,toxic,1
"oh great, wah bhai sabko confuse kar diya",toxic,1
i think ye answer sahi lag raha hai bhai.,non_toxic,0
"Overall, the Python code seems reasonable.",non_toxic,0
"listen, you make every situation worse bhai.",toxic,1
ye chutiya bas problem create karta hai,toxic,1
bhai ek baar phir samjha dena,non_toxic,0
haan ye possible hai,non_toxic,0
"listen, yahan dobara mat aana yaar.",toxic,1
feature useful lag raha hai,non_toxic,0
"oh great, congratulations you solved absolutely nothing kya baat hai.",toxic,1
"Randi, apni bakwaas band kar.",toxic,1
"for real, mere saamne dobara mat bolna bhai.",toxic,1
haan ab picture clear hai,non_toxic,0
"Saale chutiye, ye kya kar diya.",toxic,1
"Madarchod saale, door reh.",toxic,1
"overall, thanks bhai help ke liye bhai.",non_toxic,0
family ke saath time accha gaya,non_toxic,0
"You bastard, stop lying.",toxic,1
Tu kitna bada kamina hai.,toxic,1
"honestly, tu har conversation kharab karta hai",toxic,1
"haan bhai, great thinking that definitely helped nobody kya baat hai.",toxic,1
"for real, you make everything worse yaar.",toxic,1
haan haan bilkul,non_toxic,0
mujhe chutiya samjha hai kya,toxic,1
slides kaafi clean hain,non_toxic,0
"honestly, you are making this unbearable.",toxic,1
"stop, you are seriously irritating bhai.",toxic,1
documentation ready hai,non_toxic,0
i think this is actually really good for sure.,non_toxic,0
"stop, you are behaving like a fool.",toxic,1
mujhe ye project ka idea samajh aa gaya.,non_toxic,0
"right now, you explained it well yaar.",non_toxic,0
"For now, the Python code is fine.",non_toxic,0
"honestly, i do not want you here",toxic,1
keep your stupid comments to yourself.,toxic,1
"honestly, this is actually really good today.",non_toxic,0
"seriously, tu bilkul useless hai right now.",toxic,1
Tu bhosdika aur badtameez hai.,toxic,1
I think the dataset can work well.,non_toxic,0
"personally, this looks much better now yaar.",non_toxic,0
"enough, yahan dobara mat aana yaar.",toxic,1
mujhe lagta hai ye meeting ka schedule kaafi accha hai.,non_toxic,0
i think bhai ye kaafi useful tha for sure.,non_toxic,0
bakwaas karna band kar,toxic,1
"overall, ye Python ka code sahi hai.",non_toxic,0
"wow, amazing you somehow made it worse bhai.",toxic,1
very clever move there bhai.,toxic,1
"right now, tu bilkul pagal hai seriously.",toxic,1
"Nikamme, kuch kaam bhi kar liya kar.",toxic,1
haha that was actually funny,non_toxic,0
"for me, thanks bhai help ke liye today.",non_toxic,0
Bhen ke laude jaisi harkat mat kar.,toxic,1
"bro, ye idea mujhe pasand aaya yaar.",non_toxic,0
"honestly, zyada mat bol seriously.",toxic,1
"sure, haan bilkul isi ki kami thi lol.",toxic,1
college mein aaj maza aaya,non_toxic,0
"of course, congratulations you solved absolutely nothing",toxic,1
"personally, the plan sounds reasonable",non_toxic,0
lmao that movie was hilarious,non_toxic,0
"for me, that was kind of you bhai.",non_toxic,0
You are being an asshole.,toxic,1
"bhai, tu kuch bhi nahi samajhta",toxic,1
"bhai, tera behaviour bahut ghatiya hai",toxic,1
"wah bhai, kya baat hai phir se problem solve kar di bhai.",toxic,1
data clean hai,non_toxic,0
"bhai, ye naya version theek lag raha hai.",non_toxic,0
"stop, you have no idea what you are saying.",toxic,1
muh band rakh,toxic,1
you absolute moron,toxic,1
kuch bhi ho call karna,non_toxic,0
"wow, haan bilkul yehi karna baaki tha",toxic,1
you are ruining this for everyone bhai.,toxic,1
"Randi, mujhe mat sikha.",toxic,1
"actually, you are doing a great job for sure.",non_toxic,0
tumhari smile bahut pyaari hai,non_toxic,0
"bhai, you make everything worse bhai.",toxic,1
"Saale bhosdike, kya bakwaas hai.",toxic,1
"listen, you are impossible to talk to.",toxic,1
"wah bhai, nice one that was definitely not embarrassing",toxic,1
itna bewakoof mat ban bhai.,toxic,1
badhiya hai,non_toxic,0
"oh great, wah kya perfect timing hai kya baat hai.",toxic,1
"for real, chup reh right now.",toxic,1
Saala bhosdike jaisi bakwaas mat kar.,toxic,1
"honestly, ye research paper kaafi useful hai.",non_toxic,0
bhai tu aa raha hai na,non_toxic,0
"Bhosdike, ye basic cheez hai.",toxic,1
Madarchod ne mera kaam bigaad diya.,toxic,1
"overall, thank you for helping me.",non_toxic,0
"Nikamma kahin ka, poora din phone chalata hai.",toxic,1
mujhe ye project ka plan samajh aa gaya.,non_toxic,0
"for real, quit bothering everyone right now.",toxic,1
i think you explained it well bhai.,non_toxic,0
"listen, tera behaviour bahut ghatiya hai bhai.",toxic,1
great job bhai,non_toxic,0
Randi ne phir sabke saamne drama kiya.,toxic,1
ye chutiya phir late aa gaya,toxic,1
This is a shitty excuse.,toxic,1
"Harami, mujhe bewakoof mat bana.",toxic,1
aaj ye meeting ka schedule pe kaam karunga.,non_toxic,0
"bhai, ye code review theek lag raha hai.",non_toxic,0
You are a fucking asshole.,toxic,1
game kaafi fun tha,non_toxic,0
this example includes chutiya as a quoted word,non_toxic,0
nice work making things unnecessarily difficult lol.,toxic,1
"yeah, kya mast idea hai sab kharab kar diya",toxic,1
"haan bhai, what a brilliant idea absolutely genius yaar.",toxic,1
"Madarchod, tameez se baat kar.",toxic,1
"bhai, i do not want to see you again enough.",toxic,1
"honestly, bro you made my day.",non_toxic,0
"honestly, tera behaviour bahut ghatiya hai bhai.",toxic,1
I think the presentation looks good.,non_toxic,0
"overall, the result looks good for sure.",non_toxic,0
you pathetic loser,toxic,1
Is madarchod ko samjhao.,toxic,1
"wow, fantastic you found another way to mess it up yaar.",toxic,1
"listen, do not bother me again seriously.",toxic,1
this is surprisingly good lol,non_toxic,0
"Saale madarchod, time waste mat kar.",toxic,1
explanation simple tha,non_toxic,0
"Harami kahin ka, har baar jhooth bolta hai.",toxic,1
"for real, mujhe tere saath deal nahi karna enough.",toxic,1
kaam ho gaya bhai,non_toxic,0
"honestly, tera explanation samajh aa gaya bhai.",non_toxic,0
"Bhosdike, ye drama dobara mat kar.",toxic,1
"wah bhai, wow what a wonderful person you are bhai.",toxic,1
"yeah, wah bhai kya sensible decision liya yaar.",toxic,1
"of course, amazing job making everyone uncomfortable haha.",toxic,1
"overall, ye code review sahi hai.",non_toxic,0
"listen, you cause problems everywhere",toxic,1
"right, fantastic work you managed to make it worse yaar.",toxic,1
"personally, this makes sense yaar.",non_toxic,0
tu mujhe chutiya bana raha hai,toxic,1
"overall, all the best for your exam bhai.",non_toxic,0
I am happy with the project plan.,non_toxic,0
"right now, i agree with you bhai.",non_toxic,0
"honestly, main thodi der mein aata hu today.",non_toxic,0
"enough, your presence makes this difficult honestly.",toxic,1
you ruined the whole thing,toxic,1
haan ho jayega,non_toxic,0
"Kamine, mera peecha mat kar.",toxic,1
aaj library chalna hai kya,non_toxic,0
"seriously, i am done dealing with you",toxic,1
"haan bhai, wah kya shandar kaam kiya hai",toxic,1
"sure, brilliant choice if failure was the plan lol.",toxic,1
"bro, all the best for your exam bhai.",non_toxic,0
You piece of garbage.,toxic,1
"listen, i am sick of dealing with you yaar.",toxic,1
"actually, mast hai yaar.",non_toxic,0
tu chutiya hai,toxic,1
"for real, you are making everyone angry bhai.",toxic,1
Saala bhosdika kahin ka.,toxic,1
itna attitude kyun hai seriously.,toxic,1
you idiot lol,toxic,1
"oh great, kya hi brilliant planning thi teri lol.",toxic,1
"wah bhai, sure because that was incredibly intelligent haha.",toxic,1
"right, yeah that went wonderfully kya baat hai.",toxic,1
"overall, ye database ka design sahi hai.",non_toxic,0
"overall, this is actually really good.",non_toxic,0
"haan bhai, yeah that went wonderfully bhai.",toxic,1
"honestly, mujhe lecture mat de bhai.",toxic,1
"sure, wonderful job ignoring the obvious solution yaar.",toxic,1
saala nalayak,toxic,1
"yeah, what a genius move truly impressive haha.",toxic,1
"bhai, we can work with this yaar.",non_toxic,0
Tu mujhe gote kaat dunga bol raha hai.,toxic,1
I am happy with the interface.,non_toxic,0
"actually, thanks that cleared things up bhai.",non_toxic,0
mujhe ye study plan samajh aa gaya.,non_toxic,0
"honestly, you are a horrible person.",toxic,1
I think the database design can work well.,non_toxic,0
scene sorted hai,non_toxic,0
"bro, apna drama band kar seriously.",toxic,1
"bhai, ye assignment theek lag raha hai.",non_toxic,0
tum bahut pyaari ho,non_toxic,0
mujhe ye presentation samajh aa gaya.,non_toxic,0
saala bewakoof,toxic,1
haan done,non_toxic,0
"haan bhai, wow such a thoughtful thing to say haha.",toxic,1
"bhai, ye test ke results theek lag raha hai.",non_toxic,0
some chutiya keeps doing this,toxic,1
"You asshole, listen carefully.",toxic,1
chutiya wali harkatein band kar,toxic,1
"For now, the code review is fine.",non_toxic,0
"right, kya hi brilliant planning thi teri bhai.",toxic,1
"right now, itna bewakoof mat ban right now.",toxic,1
"honestly, tera explanation samajh aa gaya yaar.",non_toxic,0
that chutiya messed it up,toxic,1
frontend ka design accha lag raha hai,non_toxic,0
"honestly, ye model ka output kaafi useful hai.",non_toxic,0
mujhe chutiya mat samajh,toxic,1
music bahut soothing hai,non_toxic,0
I think the final draft looks good.,non_toxic,0
mujhe ye report samajh aa gaya.,non_toxic,0
"personally, i agree with you.",non_toxic,0
your solution worked perfectly for sure.,non_toxic,0
aaj ye course material pe kaam karunga.,non_toxic,0
"bhai, yahan se chale jao honestly.",toxic,1
I think the research paper looks good.,non_toxic,0
chutiya idiot,toxic,1
Ye madarchod roz drama karta hai.,toxic,1
"of course, kya genius planning thi bhai yaar.",toxic,1
"seriously, tu sirf problem create karta hai honestly.",toxic,1
"honestly, tu bilkul pagal hai right now.",toxic,1
"yeah, wah bhai phir se kamaal kar diya bhai.",toxic,1
i cannot stand your behavior enough.,toxic,1
"bhai, mujhe tumse nafrat hai honestly.",toxic,1
coffee kaafi tasty thi,non_toxic,0
door reh mujhse bhai.,toxic,1
that's actually nice,non_toxic,0
i am sick of dealing with you,toxic,1
kal college jaana hai kya,non_toxic,0
main help kar dunga,non_toxic,0
"enough, nobody needs your negativity",toxic,1
"bhai, quit bothering everyone right now.",toxic,1
madarchod kya kar raha hai,toxic,1
do you need any help,non_toxic,0
"honestly, shut up nobody asked you bhai.",toxic,1
Aisi gote kaat dunga wali bakwaas band kar.,toxic,1
your behavior is disgusting,toxic,1
"sure genius, that was incredibly stupid",toxic,1
"Honestly, the documentation was helpful.",non_toxic,0
You pathetic bastard.,toxic,1
stop wasting everyone's time,toxic,1
"for real, tu bilkul pagal hai seriously.",toxic,1
I think the course material looks good.,non_toxic,0
stop acting like a fool right now.,toxic,1
mujhe lagta hai ye meeting ka schedule kaafi accha hai,non_toxic,0
"bhai, nice to hear that bhai.",non_toxic,0
"haan bhai, kya hi brilliant planning thi teri",toxic,1
"stop, tujhe kuch samajh nahi aata.",toxic,1
great job making everything worse,toxic,1
tu kisi kaam ka nahi hai,toxic,1
tumhari drawing bahut sundar hai,non_toxic,0
code ab sahi kaam kar raha hai,non_toxic,0
"for real, do not talk to me like that.",toxic,1
"right now, i am happy with the result yaar.",non_toxic,0
git push ho gaya,non_toxic,0
best of luck yaar,non_toxic,0
mujhe lagta hai ye course material kaafi accha hai.,non_toxic,0
"for me, the presentation was really clear for sure.",non_toxic,0
tumhari help kaafi kaam aayi,non_toxic,0
i think i agree with you today.,non_toxic,0
lol mujhe samajh aa gaya,non_toxic,0
ikr that was funny,non_toxic,0
"overall, ye naya version sahi hai.",non_toxic,0
"honestly, i am glad you told me today.",non_toxic,0
lovely another brilliant decision haha.,toxic,1
"seriously, sab tere wajah se kharab hua yaar.",toxic,1
"right, perfect because this situation needed more drama kya baat hai.",toxic,1
"bro, mujhe tumse koi lena dena nahi honestly.",toxic,1
I am happy with the research paper.,non_toxic,0
This is fucking stupid.,toxic,1
"bro, your explanation was very clear yaar.",non_toxic,0
"wow, kya mast idea hai sab kharab kar diya yaar.",toxic,1
"bhai, ye presentation theek lag raha hai.",non_toxic,0
"honestly, tujhe kuch samajh nahi aata",toxic,1
"for real, mujhe tera attitude bilkul pasand nahi honestly.",toxic,1
Tu ghatiya insaan hai.,toxic,1
"For now, the dashboard is fine.",non_toxic,0
"for real, nobody wants to hear this right now.",toxic,1
I see what you mean,non_toxic,0
"yeah, kya mast idea hai sab kharab kar diya haha.",toxic,1
"Personally, the lecture notes makes sense to me.",non_toxic,0
"bro, you are seriously irritating seriously.",toxic,1
"for me, mujhe ye topic samajh aa gaya today.",non_toxic,0
I am happy with the dataset.,non_toxic,0
you never do anything right,toxic,1
fr this place is beautiful,non_toxic,0
stay in your lane,toxic,1
"For now, the project idea is fine.",non_toxic,0
"Personally, the assignment makes sense to me.",non_toxic,0
lmao I forgot my assignment,non_toxic,0
"oh great, wah bhai kya sensible decision liya bhai.",toxic,1
"right, nice job genius you really messed everything up kya baat hai.",toxic,1
"bhai, all the best for your exam for sure.",non_toxic,0
"honestly, ye answer sahi lag raha hai",non_toxic,0
this is such a stupid decision,toxic,1
kal ye dashboard check kar lenge.,non_toxic,0
tu bilkul pagal ho gaya hai,toxic,1
"for me, that was a good suggestion today.",non_toxic,0
I think the project plan can work well.,non_toxic,0
"wah bhai, fantastic work you managed to make it worse yaar.",toxic,1
"Honestly, the final draft was helpful.",non_toxic,0
"bhai, you make everything worse.",toxic,1
I am happy with the timetable.,non_toxic,0
nice job ruining everything,toxic,1
"oh great, congratulations you solved absolutely nothing bhai.",toxic,1
"honestly, ye course material kaafi useful hai.",non_toxic,0
Ye harami kisi ki nahi sunta.,toxic,1
you have no idea what you're doing,toxic,1
"stop, ye sab bakwas hai bhai.",toxic,1
stop being such a jerk,toxic,1
Chutiye ne pura plan kharab kar diya.,toxic,1
you are completely useless,toxic,1
wtf that was unexpected lol,non_toxic,0
mast hai yaar yaar.,non_toxic,0
Kya bhosdike scene bana raha hai.,toxic,1
"seriously, itna attitude kyun hai bhai.",toxic,1
"for me, i agree with you yaar.",non_toxic,0
"bro, mujhe ye topic samajh aa gaya today.",non_toxic,0
"Fuck off, you idiot.",toxic,1
you're the worst,toxic,1
"honestly, stop wasting my time.",toxic,1
photo bahut cute hai,non_toxic,0
"bro, bakwas band kar bhai.",toxic,1
"actually, the presentation was really clear yaar.",non_toxic,0
"Overall, the interface seems reasonable.",non_toxic,0
nice progress yaar,non_toxic,0
"bhai, dimag kharab hai kya bhai.",toxic,1
"for me, this idea could work",non_toxic,0
"Personally, the project idea makes sense to me.",non_toxic,0
"stop, you are completely useless right now.",toxic,1
"for real, you are being rude bhai.",toxic,1
I think the assignment can work well.,non_toxic,0
you absolute chutiya,toxic,1
"haan bhai, congratulations you solved absolutely nothing kya baat hai.",toxic,1
"wow, wah bhai sabko confuse kar diya yaar.",toxic,1
voice kaafi soothing hai,non_toxic,0
"overall, ye test ke results sahi hai.",non_toxic,0
"enough, sab tere wajah se kharab hua enough.",toxic,1
"bro, good work on the project today.",non_toxic,0
main tumhari baat samajhta hoon,non_toxic,0
aaj ye study plan pe kaam karunga.,non_toxic,0
what a genius move truly impressive lol.,toxic,1
this looks really good,non_toxic,0
"personally, bhai tu bahut accha hai yaar.",non_toxic,0
kal ye project ka idea check kar lenge.,non_toxic,0
"honestly, ye test ke results kaafi useful hai.",non_toxic,0
I am happy with the code review.,non_toxic,0
"enough, you ruin every conversation honestly.",toxic,1
ye jagah bahut sundar hai,non_toxic,0
ye solution practical hai,non_toxic,0
"sure, wow what a wonderful person you are haha.",toxic,1
quit being annoying bhai.,toxic,1
"Bewakoof kahin ka, basic rule nahi pata.",toxic,1
"honestly, ye report kaafi useful hai.",non_toxic,0
raat tak complete kar dunga,non_toxic,0
i think let me know when you are free today.,non_toxic,0
"for real, mujhe akela chhod de",toxic,1
kal ka match zabardast tha,non_toxic,0
"honestly, tu sabko pareshan karta hai",toxic,1
food aaj accha tha,non_toxic,0
personally I like this idea,non_toxic,0
"Overall, the project plan seems reasonable.",non_toxic,0
"overall, thanks that cleared things up yaar.",non_toxic,0
"personally, that is a solid idea yaar.",non_toxic,0
"personally, ye idea mujhe pasand aaya",non_toxic,0
mujhe ye meeting ka schedule samajh aa gaya.,non_toxic,0
"oh great, lovely another brilliant decision",toxic,1
chutiya is an abusive word in this context,non_toxic,0
users ke liye helpful hoga,non_toxic,0
mujhe lagta hai ye project ka idea kaafi accha hai.,non_toxic,0
ye song bahut pyaara hai,non_toxic,0
"right now, nice to hear that yaar.",non_toxic,0
"bro, mujhe tumse nafrat hai",toxic,1
ho jayega bro,non_toxic,0
ye photo bahut sundar hai,non_toxic,0
"bhai, ye interface theek lag raha hai.",non_toxic,0
"listen, go away and leave me alone enough.",toxic,1
it's okay yaar,non_toxic,0
"of course, kya hi brilliant planning thi teri lol.",toxic,1
don't be a chutiya,toxic,1
mujhe tumse koi lena dena nahi,toxic,1
"honestly, this looks much better now yaar.",non_toxic,0
aapki advice useful thi,non_toxic,0
"oh great, great yaar aur complication bana de lol.",toxic,1
mujhe tum par trust hai,non_toxic,0
solution smart hai,non_toxic,0
"personally, mast hai yaar",non_toxic,0
"Gadha kahin ka, kuch bhi bolta hai.",toxic,1
haha this turned out well,non_toxic,0
"bhai, tujhe kuch samajh nahi aata bhai.",toxic,1
"bhai, bhai notes bhej dena bhai.",non_toxic,0
"for me, class kitne baje hai yaar.",non_toxic,0
"Overall, the final draft seems reasonable.",non_toxic,0
"Randi, mujhe lecture mat de.",toxic,1
"right now, apna drama band kar",toxic,1
"Personally, the analysis makes sense to me.",non_toxic,0
tum bohot pyaare ho,non_toxic,0
easy hai,non_toxic,0
"overall, i am happy with the result today.",non_toxic,0
"personally, kal ka plan theek hai for sure.",non_toxic,0
You useless piece of shit.,toxic,1
"seriously, keep your stupid comments to yourself",toxic,1
"right now, you keep making stupid comments",toxic,1
"wah bhai, wah kya perfect solution nikala kya baat hai.",toxic,1
you can do it bro,non_toxic,0
the word chutiya is an offensive insult,non_toxic,0
time hai abhi,non_toxic,0
what a genius move truly impressive yaar.,toxic,1
wah bhai kya sensible decision liya bhai.,toxic,1
did you even use your brain,toxic,1
"seriously, you are a horrible person.",toxic,1
haan bilkul isi ki kami thi bhai.,toxic,1
"right now, the presentation was really clear.",non_toxic,0
"seriously, nobody needs your negativity honestly.",toxic,1
you talk complete nonsense,toxic,1
"right, wow you are really smart arent you",toxic,1
ghatiya aadmi hai tu,toxic,1
no hard feelings bro,non_toxic,0
aaj mausam suhana hai,non_toxic,0
"Overall, the model output seems reasonable.",non_toxic,0
"for real, you have made this miserable honestly.",toxic,1
"for me, i genuinely liked this",non_toxic,0
"Tu nalayak hai, kuch kaam ka nahi.",toxic,1
